review,sentiment
Great performances and a very enjoyable story.,positive
The film was slow and failed to keep me interested.,negative
I loved the characters and the overall presentation.,positive
The film was impressive and exceeded my expectations.,positive
The movie was entertaining and kept me interested throughout.,positive
This was a wonderful experience from beginning to end.,positive
I disliked the characters and the overall presentation.,negative
This is a fantastic film with a memorable story.,positive
Great performances and a very enjoyable story.,positive
The film was slow and failed to keep me interested.,negative
The film was slow and failed to keep me interested.,negative
I disliked the characters and the overall presentation.,negative
This was a wonderful experience from beginning to end.,positive
I loved the characters and the overall presentation.,positive
This was a poor film and I would not recommend it.,negative
This is a fantastic film with a memorable story.,positive
The storyline was predictable and the movie was not enjoyable.,negative
The movie was entertaining and kept me interested throughout.,positive
I really enjoyed this movie and would watch it again.,positive
The story was boring and the acting was not convincing.,negative
The film was slow and failed to keep me interested.,negative
I did not enjoy this movie and found it disappointing.,negative
This was a poor film and I would not recommend it.,negative
This was a poor film and I would not recommend it.,negative
A beautiful and entertaining movie with strong performances.,positive
This movie was a waste of time and I would not watch it again.,negative
This is a fantastic film with a memorable story.,positive
The storyline was interesting and the movie was enjoyable.,positive
I loved the characters and the overall presentation.,positive
The story was engaging and the acting was excellent.,positive
This is a fantastic film with a memorable story.,positive
This was a wonderful experience from beginning to end.,positive
The movie was entertaining and kept me interested throughout.,positive
The story was engaging and the acting was excellent.,positive
The storyline was predictable and the movie was not enjoyable.,negative
The story was engaging and the acting was excellent.,positive
The performances were weak and the story was disappointing.,negative
The storyline was interesting and the movie was enjoyable.,positive
A beautiful and entertaining movie with strong performances.,positive
The story was engaging and the acting was excellent.,positive
This was a poor film and I would not recommend it.,negative
A beautiful and entertaining movie with strong performances.,positive
Great performances and a very enjoyable story.,positive
A beautiful and entertaining movie with strong performances.,positive
A boring film with weak performances and an uninteresting story.,negative
This is a fantastic film with a memorable story.,positive
The story was engaging and the acting was excellent.,positive
The movie was disappointing and did not meet my expectations.,negative
I loved the characters and the overall presentation.,positive
I really enjoyed this movie and would watch it again.,positive
The storyline was interesting and the movie was enjoyable.,positive
The film was impressive and exceeded my expectations.,positive
This was a poor film and I would not recommend it.,negative
The film was slow and failed to keep me interested.,negative
I really enjoyed this movie and would watch it again.,positive
This is a fantastic film with a memorable story.,positive
A boring film with weak performances and an uninteresting story.,negative
The story was engaging and the acting was excellent.,positive
I really enjoyed this movie and would watch it again.,positive
The storyline was predictable and the movie was not enjoyable.,negative
I really enjoyed this movie and would watch it again.,positive
I did not enjoy this movie and found it disappointing.,negative
A beautiful and entertaining movie with strong performances.,positive
I really enjoyed this movie and would watch it again.,positive
Great performances and a very enjoyable story.,positive
The movie was entertaining and kept me interested throughout.,positive
The performances were weak and the story was disappointing.,negative
The storyline was interesting and the movie was enjoyable.,positive
The performances were weak and the story was disappointing.,negative
The film was slow and failed to keep me interested.,negative
Great performances and a very enjoyable story.,positive
The storyline was predictable and the movie was not enjoyable.,negative
This movie was a waste of time and I would not watch it again.,negative
I did not enjoy this movie and found it disappointing.,negative
A boring film with weak performances and an uninteresting story.,negative
The storyline was predictable and the movie was not enjoyable.,negative
A beautiful and entertaining movie with strong performances.,positive
The performances were weak and the story was disappointing.,negative
The movie was entertaining and kept me interested throughout.,positive
A beautiful and entertaining movie with strong performances.,positive
The story was engaging and the acting was excellent.,positive
The film was impressive and exceeded my expectations.,positive
This movie was a waste of time and I would not watch it again.,negative
The film was impressive and exceeded my expectations.,positive
The movie was disappointing and did not meet my expectations.,negative
I disliked the characters and the overall presentation.,negative
I disliked the characters and the overall presentation.,negative
This is a fantastic film with a memorable story.,positive
The movie was disappointing and did not meet my expectations.,negative
The film was impressive and exceeded my expectations.,positive
A beautiful and entertaining movie with strong performances.,positive
Great performances and a very enjoyable story.,positive
This movie was a waste of time and I would not watch it again.,negative
A beautiful and entertaining movie with strong performances.,positive
This was a wonderful experience from beginning to end.,positive
I loved the characters and the overall presentation.,positive
I really enjoyed this movie and would watch it again.,positive
This was a poor film and I would not recommend it.,negative
The performances were weak and the story was disappointing.,negative
I loved the characters and the overall presentation.,positive
I really enjoyed this movie and would watch it again.,positive
This movie was a waste of time and I would not watch it again.,negative
A beautiful and entertaining movie with strong performances.,positive
The film was slow and failed to keep me interested.,negative
I loved the characters and the overall presentation.,positive
The film was slow and failed to keep me interested.,negative
The story was engaging and the acting was excellent.,positive
The film was slow and failed to keep me interested.,negative
The movie was entertaining and kept me interested throughout.,positive
The film was slow and failed to keep me interested.,negative
The storyline was interesting and the movie was enjoyable.,positive
This movie was a waste of time and I would not watch it again.,negative
This is a fantastic film with a memorable story.,positive
The film was impressive and exceeded my expectations.,positive
The storyline was predictable and the movie was not enjoyable.,negative
This was a poor film and I would not recommend it.,negative
The storyline was predictable and the movie was not enjoyable.,negative
The storyline was interesting and the movie was enjoyable.,positive
The story was engaging and the acting was excellent.,positive
Great performances and a very enjoyable story.,positive
The storyline was interesting and the movie was enjoyable.,positive
A boring film with weak performances and an uninteresting story.,negative
I disliked the characters and the overall presentation.,negative
The movie was entertaining and kept me interested throughout.,positive
The story was boring and the acting was not convincing.,negative
The story was boring and the acting was not convincing.,negative
The story was boring and the acting was not convincing.,negative
The storyline was interesting and the movie was enjoyable.,positive
This was a wonderful experience from beginning to end.,positive
The performances were weak and the story was disappointing.,negative
This movie was a waste of time and I would not watch it again.,negative
This was a wonderful experience from beginning to end.,positive
The storyline was interesting and the movie was enjoyable.,positive
The storyline was predictable and the movie was not enjoyable.,negative
The film was slow and failed to keep me interested.,negative
The film was impressive and exceeded my expectations.,positive
The film was slow and failed to keep me interested.,negative
The performances were weak and the story was disappointing.,negative
The story was boring and the acting was not convincing.,negative
The story was boring and the acting was not convincing.,negative
The movie was entertaining and kept me interested throughout.,positive
This was a poor film and I would not recommend it.,negative
The film was impressive and exceeded my expectations.,positive
This is a fantastic film with a memorable story.,positive
The movie was entertaining and kept me interested throughout.,positive
Great performances and a very enjoyable story.,positive
The movie was disappointing and did not meet my expectations.,negative
I did not enjoy this movie and found it disappointing.,negative
This was a poor film and I would not recommend it.,negative
The movie was disappointing and did not meet my expectations.,negative
The storyline was interesting and the movie was enjoyable.,positive
I loved the characters and the overall presentation.,positive
This movie was a waste of time and I would not watch it again.,negative
A boring film with weak performances and an uninteresting story.,negative
The story was boring and the acting was not convincing.,negative
I disliked the characters and the overall presentation.,negative
A boring film with weak performances and an uninteresting story.,negative
A beautiful and entertaining movie with strong performances.,positive
The storyline was predictable and the movie was not enjoyable.,negative
I really enjoyed this movie and would watch it again.,positive
I really enjoyed this movie and would watch it again.,positive
The storyline was interesting and the movie was enjoyable.,positive
The movie was disappointing and did not meet my expectations.,negative
The movie was disappointing and did not meet my expectations.,negative
The movie was disappointing and did not meet my expectations.,negative
I did not enjoy this movie and found it disappointing.,negative
This is a fantastic film with a memorable story.,positive
The movie was entertaining and kept me interested throughout.,positive
A boring film with weak performances and an uninteresting story.,negative
The storyline was predictable and the movie was not enjoyable.,negative
I really enjoyed this movie and would watch it again.,positive
The story was engaging and the acting was excellent.,positive
The storyline was predictable and the movie was not enjoyable.,negative
Great performances and a very enjoyable story.,positive
I loved the characters and the overall presentation.,positive
I loved the characters and the overall presentation.,positive
The performances were weak and the story was disappointing.,negative
This is a fantastic film with a memorable story.,positive
The story was boring and the acting was not convincing.,negative
I did not enjoy this movie and found it disappointing.,negative
A boring film with weak performances and an uninteresting story.,negative
The storyline was interesting and the movie was enjoyable.,positive
This was a wonderful experience from beginning to end.,positive
This movie was a waste of time and I would not watch it again.,negative
I did not enjoy this movie and found it disappointing.,negative
A beautiful and entertaining movie with strong performances.,positive
This is a fantastic film with a memorable story.,positive
The movie was disappointing and did not meet my expectations.,negative
A beautiful and entertaining movie with strong performances.,positive
The film was impressive and exceeded my expectations.,positive
This was a poor film and I would not recommend it.,negative
The storyline was predictable and the movie was not enjoyable.,negative
The storyline was predictable and the movie was not enjoyable.,negative
A boring film with weak performances and an uninteresting story.,negative
Great performances and a very enjoyable story.,positive
This was a wonderful experience from beginning to end.,positive
This was a wonderful experience from beginning to end.,positive
I really enjoyed this movie and would watch it again.,positive
This was a wonderful experience from beginning to end.,positive
This movie was a waste of time and I would not watch it again.,negative
The movie was disappointing and did not meet my expectations.,negative
The performances were weak and the story was disappointing.,negative
The performances were weak and the story was disappointing.,negative
A boring film with weak performances and an uninteresting story.,negative
The film was impressive and exceeded my expectations.,positive
I disliked the characters and the overall presentation.,negative
The movie was entertaining and kept me interested throughout.,positive
This is a fantastic film with a memorable story.,positive
The storyline was interesting and the movie was enjoyable.,positive
The storyline was interesting and the movie was enjoyable.,positive
The performances were weak and the story was disappointing.,negative
I disliked the characters and the overall presentation.,negative
A boring film with weak performances and an uninteresting story.,negative
The film was slow and failed to keep me interested.,negative
The film was slow and failed to keep me interested.,negative
The storyline was predictable and the movie was not enjoyable.,negative
The story was engaging and the acting was excellent.,positive
The movie was disappointing and did not meet my expectations.,negative
I disliked the characters and the overall presentation.,negative
A beautiful and entertaining movie with strong performances.,positive
I really enjoyed this movie and would watch it again.,positive
This was a poor film and I would not recommend it.,negative
The film was impressive and exceeded my expectations.,positive
The story was boring and the acting was not convincing.,negative
The movie was entertaining and kept me interested throughout.,positive
The story was boring and the acting was not convincing.,negative
I loved the characters and the overall presentation.,positive
A boring film with weak performances and an uninteresting story.,negative
A beautiful and entertaining movie with strong performances.,positive
I did not enjoy this movie and found it disappointing.,negative
I disliked the characters and the overall presentation.,negative
I did not enjoy this movie and found it disappointing.,negative
The story was engaging and the acting was excellent.,positive
The movie was disappointing and did not meet my expectations.,negative
I loved the characters and the overall presentation.,positive
The story was boring and the acting was not convincing.,negative
I really enjoyed this movie and would watch it again.,positive
This movie was a waste of time and I would not watch it again.,negative
The storyline was interesting and the movie was enjoyable.,positive
I really enjoyed this movie and would watch it again.,positive
This movie was a waste of time and I would not watch it again.,negative
The storyline was interesting and the movie was enjoyable.,positive
Great performances and a very enjoyable story.,positive
The film was impressive and exceeded my expectations.,positive
A beautiful and entertaining movie with strong performances.,positive
I really enjoyed this movie and would watch it again.,positive
This was a wonderful experience from beginning to end.,positive
A boring film with weak performances and an uninteresting story.,negative
A beautiful and entertaining movie with strong performances.,positive
The film was impressive and exceeded my expectations.,positive
I loved the characters and the overall presentation.,positive
The story was boring and the acting was not convincing.,negative
The performances were weak and the story was disappointing.,negative
The story was boring and the acting was not convincing.,negative
The story was boring and the acting was not convincing.,negative
This is a fantastic film with a memorable story.,positive
The performances were weak and the story was disappointing.,negative
I did not enjoy this movie and found it disappointing.,negative
The story was engaging and the acting was excellent.,positive
I disliked the characters and the overall presentation.,negative
This is a fantastic film with a memorable story.,positive
The story was boring and the acting was not convincing.,negative
Great performances and a very enjoyable story.,positive
The storyline was predictable and the movie was not enjoyable.,negative
I really enjoyed this movie and would watch it again.,positive
I did not enjoy this movie and found it disappointing.,negative
The story was boring and the acting was not convincing.,negative
The performances were weak and the story was disappointing.,negative
This movie was a waste of time and I would not watch it again.,negative
I really enjoyed this movie and would watch it again.,positive
The movie was entertaining and kept me interested throughout.,positive
This movie was a waste of time and I would not watch it again.,negative
I loved the characters and the overall presentation.,positive
The film was slow and failed to keep me interested.,negative
The story was engaging and the acting was excellent.,positive
The story was engaging and the acting was excellent.,positive
The performances were weak and the story was disappointing.,negative
Great performances and a very enjoyable story.,positive
This movie was a waste of time and I would not watch it again.,negative
The movie was disappointing and did not meet my expectations.,negative
This is a fantastic film with a memorable story.,positive
This was a wonderful experience from beginning to end.,positive
I did not enjoy this movie and found it disappointing.,negative
This movie was a waste of time and I would not watch it again.,negative
The performances were weak and the story was disappointing.,negative
A boring film with weak performances and an uninteresting story.,negative
I disliked the characters and the overall presentation.,negative
Great performances and a very enjoyable story.,positive
The story was boring and the acting was not convincing.,negative
The movie was entertaining and kept me interested throughout.,positive
I loved the characters and the overall presentation.,positive
Great performances and a very enjoyable story.,positive
This movie was a waste of time and I would not watch it again.,negative
The film was slow and failed to keep me interested.,negative
The storyline was interesting and the movie was enjoyable.,positive
The movie was entertaining and kept me interested throughout.,positive
A boring film with weak performances and an uninteresting story.,negative
I disliked the characters and the overall presentation.,negative
The movie was entertaining and kept me interested throughout.,positive
This is a fantastic film with a memorable story.,positive
This was a wonderful experience from beginning to end.,positive
A beautiful and entertaining movie with strong performances.,positive
I disliked the characters and the overall presentation.,negative
I did not enjoy this movie and found it disappointing.,negative
This is a fantastic film with a memorable story.,positive
I did not enjoy this movie and found it disappointing.,negative
I loved the characters and the overall presentation.,positive
The movie was disappointing and did not meet my expectations.,negative
I really enjoyed this movie and would watch it again.,positive
The story was boring and the acting was not convincing.,negative
The movie was disappointing and did not meet my expectations.,negative
This was a wonderful experience from beginning to end.,positive
The story was engaging and the acting was excellent.,positive
A boring film with weak performances and an uninteresting story.,negative
The film was slow and failed to keep me interested.,negative
This was a poor film and I would not recommend it.,negative
This was a poor film and I would not recommend it.,negative
This was a wonderful experience from beginning to end.,positive
Great performances and a very enjoyable story.,positive
This was a poor film and I would not recommend it.,negative
The story was engaging and the acting was excellent.,positive
The movie was disappointing and did not meet my expectations.,negative
I did not enjoy this movie and found it disappointing.,negative
The story was engaging and the acting was excellent.,positive
This was a poor film and I would not recommend it.,negative
I really enjoyed this movie and would watch it again.,positive
This was a wonderful experience from beginning to end.,positive
The story was boring and the acting was not convincing.,negative
The storyline was predictable and the movie was not enjoyable.,negative
I disliked the characters and the overall presentation.,negative
The storyline was predictable and the movie was not enjoyable.,negative
The performances were weak and the story was disappointing.,negative
The movie was disappointing and did not meet my expectations.,negative
The storyline was interesting and the movie was enjoyable.,positive
I loved the characters and the overall presentation.,positive
The film was slow and failed to keep me interested.,negative
The storyline was interesting and the movie was enjoyable.,positive
I did not enjoy this movie and found it disappointing.,negative
This is a fantastic film with a memorable story.,positive
I disliked the characters and the overall presentation.,negative
I loved the characters and the overall presentation.,positive
A beautiful and entertaining movie with strong performances.,positive
This was a wonderful experience from beginning to end.,positive
I disliked the characters and the overall presentation.,negative
A boring film with weak performances and an uninteresting story.,negative
The storyline was predictable and the movie was not enjoyable.,negative
This was a poor film and I would not recommend it.,negative
The storyline was interesting and the movie was enjoyable.,positive
The film was impressive and exceeded my expectations.,positive
Great performances and a very enjoyable story.,positive
The film was impressive and exceeded my expectations.,positive
This movie was a waste of time and I would not watch it again.,negative
I did not enjoy this movie and found it disappointing.,negative
I really enjoyed this movie and would watch it again.,positive
The movie was disappointing and did not meet my expectations.,negative
A boring film with weak performances and an uninteresting story.,negative
Great performances and a very enjoyable story.,positive
The storyline was predictable and the movie was not enjoyable.,negative
This is a fantastic film with a memorable story.,positive
This was a poor film and I would not recommend it.,negative
Great performances and a very enjoyable story.,positive
I disliked the characters and the overall presentation.,negative
The performances were weak and the story was disappointing.,negative
The film was impressive and exceeded my expectations.,positive
This movie was a waste of time and I would not watch it again.,negative
The story was boring and the acting was not convincing.,negative
The movie was entertaining and kept me interested throughout.,positive
Great performances and a very enjoyable story.,positive
This was a poor film and I would not recommend it.,negative
This was a wonderful experience from beginning to end.,positive
I disliked the characters and the overall presentation.,negative
I disliked the characters and the overall presentation.,negative
The movie was disappointing and did not meet my expectations.,negative
I did not enjoy this movie and found it disappointing.,negative
A boring film with weak performances and an uninteresting story.,negative
I did not enjoy this movie and found it disappointing.,negative
The storyline was interesting and the movie was enjoyable.,positive
The movie was entertaining and kept me interested throughout.,positive
A beautiful and entertaining movie with strong performances.,positive
I loved the characters and the overall presentation.,positive
The story was engaging and the acting was excellent.,positive
This movie was a waste of time and I would not watch it again.,negative
A beautiful and entertaining movie with strong performances.,positive
The storyline was interesting and the movie was enjoyable.,positive
The film was impressive and exceeded my expectations.,positive
I did not enjoy this movie and found it disappointing.,negative
A boring film with weak performances and an uninteresting story.,negative
I disliked the characters and the overall presentation.,negative
This movie was a waste of time and I would not watch it again.,negative
This was a poor film and I would not recommend it.,negative
The storyline was interesting and the movie was enjoyable.,positive
The film was slow and failed to keep me interested.,negative
The film was impressive and exceeded my expectations.,positive
This was a poor film and I would not recommend it.,negative
The performances were weak and the story was disappointing.,negative
The storyline was predictable and the movie was not enjoyable.,negative
The film was slow and failed to keep me interested.,negative
A beautiful and entertaining movie with strong performances.,positive
The story was boring and the acting was not convincing.,negative
The story was boring and the acting was not convincing.,negative
The film was impressive and exceeded my expectations.,positive
The story was boring and the acting was not convincing.,negative
This was a poor film and I would not recommend it.,negative
I did not enjoy this movie and found it disappointing.,negative
The film was impressive and exceeded my expectations.,positive
The film was slow and failed to keep me interested.,negative
A beautiful and entertaining movie with strong performances.,positive
The story was engaging and the acting was excellent.,positive
This is a fantastic film with a memorable story.,positive
The movie was entertaining and kept me interested throughout.,positive
The film was impressive and exceeded my expectations.,positive
I disliked the characters and the overall presentation.,negative
This was a wonderful experience from beginning to end.,positive
The performances were weak and the story was disappointing.,negative
A boring film with weak performances and an uninteresting story.,negative
The story was engaging and the acting was excellent.,positive
The storyline was predictable and the movie was not enjoyable.,negative
The performances were weak and the story was disappointing.,negative
The storyline was interesting and the movie was enjoyable.,positive
I disliked the characters and the overall presentation.,negative
The film was impressive and exceeded my expectations.,positive
The storyline was predictable and the movie was not enjoyable.,negative
The movie was entertaining and kept me interested throughout.,positive
I loved the characters and the overall presentation.,positive
I did not enjoy this movie and found it disappointing.,negative
The storyline was interesting and the movie was enjoyable.,positive
I disliked the characters and the overall presentation.,negative
I loved the characters and the overall presentation.,positive
The movie was disappointing and did not meet my expectations.,negative
The story was boring and the acting was not convincing.,negative
The performances were weak and the story was disappointing.,negative
I really enjoyed this movie and would watch it again.,positive
This movie was a waste of time and I would not watch it again.,negative
I really enjoyed this movie and would watch it again.,positive
The movie was entertaining and kept me interested throughout.,positive
The movie was entertaining and kept me interested throughout.,positive
The performances were weak and the story was disappointing.,negative
I loved the characters and the overall presentation.,positive
The film was slow and failed to keep me interested.,negative
This was a wonderful experience from beginning to end.,positive
The film was slow and failed to keep me interested.,negative
I loved the characters and the overall presentation.,positive
This was a poor film and I would not recommend it.,negative
The film was impressive and exceeded my expectations.,positive
The film was slow and failed to keep me interested.,negative
The movie was entertaining and kept me interested throughout.,positive
This is a fantastic film with a memorable story.,positive
Great performances and a very enjoyable story.,positive
I did not enjoy this movie and found it disappointing.,negative
I did not enjoy this movie and found it disappointing.,negative
This was a wonderful experience from beginning to end.,positive
I did not enjoy this movie and found it disappointing.,negative
I really enjoyed this movie and would watch it again.,positive
This is a fantastic film with a memorable story.,positive
The performances were weak and the story was disappointing.,negative
Great performances and a very enjoyable story.,positive
The film was slow and failed to keep me interested.,negative
A boring film with weak performances and an uninteresting story.,negative
The story was engaging and the acting was excellent.,positive
This movie was a waste of time and I would not watch it again.,negative
The storyline was predictable and the movie was not enjoyable.,negative
The movie was entertaining and kept me interested throughout.,positive
I disliked the characters and the overall presentation.,negative
The performances were weak and the story was disappointing.,negative
This was a wonderful experience from beginning to end.,positive
The story was boring and the acting was not convincing.,negative
This is a fantastic film with a memorable story.,positive
This was a wonderful experience from beginning to end.,positive
Great performances and a very enjoyable story.,positive
The movie was disappointing and did not meet my expectations.,negative
This was a poor film and I would not recommend it.,negative
This movie was a waste of time and I would not watch it again.,negative
The movie was disappointing and did not meet my expectations.,negative
The story was engaging and the acting was excellent.,positive
A boring film with weak performances and an uninteresting story.,negative
The movie was entertaining and kept me interested throughout.,positive
The storyline was predictable and the movie was not enjoyable.,negative
The storyline was predictable and the movie was not enjoyable.,negative
This is a fantastic film with a memorable story.,positive
The story was engaging and the acting was excellent.,positive
A beautiful and entertaining movie with strong performances.,positive
I loved the characters and the overall presentation.,positive
The film was impressive and exceeded my expectations.,positive
The film was impressive and exceeded my expectations.,positive
This movie was a waste of time and I would not watch it again.,negative
Great performances and a very enjoyable story.,positive
This was a poor film and I would not recommend it.,negative
The movie was disappointing and did not meet my expectations.,negative
The movie was disappointing and did not meet my expectations.,negative
The movie was disappointing and did not meet my expectations.,negative
This was a wonderful experience from beginning to end.,positive
A boring film with weak performances and an uninteresting story.,negative
The story was engaging and the acting was excellent.,positive
Great performances and a very enjoyable story.,positive
I loved the characters and the overall presentation.,positive
I really enjoyed this movie and would watch it again.,positive
This was a poor film and I would not recommend it.,negative
This was a wonderful experience from beginning to end.,positive
A beautiful and entertaining movie with strong performances.,positive
A boring film with weak performances and an uninteresting story.,negative
